"Name","Service","Host"
"DC1","Dfsr-12F9A27C-BF97-4787-9364-D31B6C55EB04","DC1.vulnAD.lab"
"DC1","ldap","DC1.vulnAD.lab,DC1,e859e63c-783c-40c2-9f48-1b5c138e6674._msdcs.vulnAD.lab"
"DC1","DNS","DC1.vulnAD.lab"
"DC1","GC","DC1.vulnAD.lab"
"DC1","RestrictedKrbHost","DC1.vulnAD.lab,DC1"
"DC1","RPC","e859e63c-783c-40c2-9f48-1b5c138e6674._msdcs.vulnAD.lab"
"DC1","HOST","DC1,DC1.vulnAD.lab"
"DC1","E3514235-4B06-11D1-AB04-00C04FC2DCD2","e859e63c-783c-40c2-9f48-1b5c138e6674"
"WIN10-PC","RestrictedKrbHost","WIN10-PC,WIN10-PC.vulnAD.lab"
"WIN10-PC","HOST","WIN10-PC,WIN10-PC.vulnAD.lab"
"exchange_svc","exchange_svc","exserver.vulnAD.lab"
"mssql_svc","mssql_svc","mssqlserver.vulnAD.lab"
"http_svc","http_svc","httpserver.vulnAD.lab"
